judul,tahun,durasi,gendre,rating,sutradara,aktor,votes,user,isi user,tgl,rating user
Agak Laen,-2024,119 min,Comedy,8.1,Muhadkly Acho,Muhadkly Acho,748,,,,
Agak Laen,-2024,119 min,Comedy,8.1,Muhadkly Acho,Bene Dion Rajagukguk,748,,,,
Agak Laen,-2024,119 min,Comedy,8.1,Muhadkly Acho,Oki Rengga,748,,,,
Agak Laen,-2024,119 min,Comedy,8.1,Muhadkly Acho,Indra Jegel,748,,,,
Agak Laen,-2024,119 min,Comedy,8.1,Muhadkly Acho,Boris Bokir,748,,,,
,,,,,,,,chairulridjal,"Loved the comedies, amazing picture.",10-Feb-24,8
,,,,,,,,zeropyrozen,Truly Belly-Shake Movie,10-Feb-24,9
,,,,,,,,daryopeek,"Funny and realistic, a situation comedy film at its best",15-Feb-24,8
,,,,,,,,tonciang-12-554394,Original and Fresh Dark Comedy,18-Feb-24,8
Sleep Call,-2023,100 min,"Drama, Thriller",6.7,Fajar Nugros,Fajar Nugros,304,,,,
Sleep Call,-2023,100 min,"Drama, Thriller",6.7,Fajar Nugros,Laura Basuki,304,,,,
Sleep Call,-2023,100 min,"Drama, Thriller",6.7,Fajar Nugros,Juan Bione Subiantoro,304,,,,
Sleep Call,-2023,100 min,"Drama, Thriller",6.7,Fajar Nugros,Della Dartyan,304,,,,
Sleep Call,-2023,100 min,"Drama, Thriller",6.7,Fajar Nugros,Kristo Immanuel,304,,,,
,,,,,,,,tomsalf,Laura is a STAR,7-Oct-23,9
,,,,,,,,mariolsitumorang,Crazy Plot for Indonesian Film,8-Sep-23,8
Satan's Slaves,-2017,107 min,"Drama, Horror, Mystery",6.5,Joko Anwar,Joko Anwar,"10,997",,,,
Satan's Slaves,-2017,107 min,"Drama, Horror, Mystery",6.5,Joko Anwar,Tara Basro,"10,997",,,,
Satan's Slaves,-2017,107 min,"Drama, Horror, Mystery",6.5,Joko Anwar,Bront Palarae,"10,997",,,,
Satan's Slaves,-2017,107 min,"Drama, Horror, Mystery",6.5,Joko Anwar,Dimas Aditya,"10,997",,,,
Satan's Slaves,-2017,107 min,"Drama, Horror, Mystery",6.5,Joko Anwar,Endy Arfian,"10,997",,,,
,,,,,,,,Fella_shibby,A very creepy n scary horror film with solid character development n atmosphere.,10-Jun-18,9
,,,,,,,,kosmasp,Flawed but really good,13-Feb-19,9
,,,,,,,,tiagocampos-02918,Away from the recent horror Hollywood crap,28-Jul-19,7
,,,,,,,,Xstal,Poltergeist Ringu Thriller Diller...,26-Aug-20,6
,,,,,,,,claudio_carvalho,Scary and Creepy,31-Aug-18,7
,,,,,,,,hiraishinnojutsu,much better than the original movie,29-Sep-17,7
,,,,,,,,kannibalcorpsegrinder,Absolutely stellar Indonesian feature,27-Oct-17,10
,,,,,,,,nogodnomasters,We don't pray.,17-Aug-20,4
,,,,,,,,umbertod-73386,Scary as sh*t!!!!,2-Oct-17,8
,,,,,,,,redrobin62-321-207311,Could've Been Better.,7-Aug-18,5
,,,,,,,,AziziOthmanMY,a good start with seriously FLAWED ENDING...,22-Aug-18,3
,,,,,,,,morrison-dylan-fan,Rosemary's Slaves.,3-May-20,8
,,,,,,,,SoumikBanerjee1996,Didn't work for me,5-Jul-22,4
,,,,,,,,ilovepakjejen,The Best Indonesian Horror Movie of all time,30-Sep-17,8
,,,,,,,,vmalast,Don't be fooled by good reviews,16-Oct-18,2
,,,,,,,,adhityaeriny,A big breakthrough for Indonesia's Horror Movie Industry,10-Oct-17,9
,,,,,,,,reinzarvest-04176,Awesome,2-Dec-20,10
,,,,,,,,gedikreverdi,It needs better actors and a script,6-Jun-21,4
,,,,,,,,lcanderson-13864,Indonesian Conjuring meets Sadako meets the Woman in Black meets cult home invasion,6-Oct-18,5
,,,,,,,,JoelChamp85,Not Bad But Nothing Too Original,27-Mar-21,5
,,,,,,,,coolidgebutch,Warning: extremely scary,10-Jun-19,10
,,,,,,,,andrewchristianjr,CREEPY.,14-Jul-22,8
,,,,,,,,yuma310,Not horror...but maybe an extended advertisement!!,3-Apr-19,3
,,,,,,,,gavin6942,Indonesia Brings Its A-Game,24-Jun-18,8
,,,,,,,,nicholassantoso,The best horror movie in Indonesia,30-Oct-22,8
Photocopier,-2021,130 min,"Crime, Drama, Mystery",6.8,Wregas Bhanuteja,Wregas Bhanuteja,"3,784",,,,
Photocopier,-2021,130 min,"Crime, Drama, Mystery",6.8,Wregas Bhanuteja,Shenina Cinnamon,"3,784",,,,
Photocopier,-2021,130 min,"Crime, Drama, Mystery",6.8,Wregas Bhanuteja,Dea Panendra,"3,784",,,,
Photocopier,-2021,130 min,"Crime, Drama, Mystery",6.8,Wregas Bhanuteja,Giulio Parengkuan,"3,784",,,,
Photocopier,-2021,130 min,"Crime, Drama, Mystery",6.8,Wregas Bhanuteja,Jerome Kurnia,"3,784",,,,
,,,,,,,,arungeorge13,A slice of Indonesian cinema at its finest! [+79%],13-Jan-22,8
,,,,,,,,icocleric,Very Powerful,13-Jan-22,9
,,,,,,,,ops-52535,hardly ever seen...,15-Jan-22,8
,,,,,,,,exceladeogun,Toptier!,16-Jan-22,10
,,,,,,,,kindredparadox,"Forced Idea, Well Executed",16-Jan-22,6
,,,,,,,,kosmasp,Impact vs. execution,27-Jan-22,7
,,,,,,,,kamalbeeee,Good mystery thriller..!!,5-Mar-22,7
,,,,,,,,mohinderchugh,Pleasantly Surprised by this Tech Mystery Crime Thriller,13-Jan-22,
,,,,,,,,nayyar-aditya,"Good, but have been much better!",16-Jan-22,6
,,,,,,,,qui_j,Indonesian Teen Drama plus Agatha Christie!,26-Jan-22,3
,,,,,,,,Horror_Flick_Fanatic,absurd movie,23-Jan-22,4
,,,,,,,,Cirdl3,One Of The Best Indonesia Movie,15-Jan-22,9
,,,,,,,,Otte1,Bad ending,11-Sep-22,4
,,,,,,,,iamMarkPrice,So powerful you must watch,15-Jan-22,8
,,,,,,,,aldri-feb,Promising Set-Up Story but Messed at the End,21-Jan-22,5
,,,,,,,,thomasafik,Deserve more recognition,14-Jan-22,10
,,,,,,,,santosofajar-76865,"Controversial Social Issue, Watered Down",26-Jan-22,2
,,,,,,,,michael-64099,"This is no clickbait movie, it's really good!",21-Jan-22,9
,,,,,,,,ahmadfrie,I dont really like the plot.....,14-Jan-22,6
,,,,,,,,Thedragonmaster-20667,One of the best movie i have ever seen,14-Jan-22,10
,,,,,,,,raj-bhullar,"Gripping, underrated, hidden gem",22-Jul-22,9
,,,,,,,,hprabowo,One of Indonesia's finest,15-Jan-22,9
,,,,,,,,XueHuaBingYu,Wow! One of the best films I've seen.,29-Jan-22,8
,,,,,,,,thewalkingpuns,great story and great setting,19-Jan-22,7
,,,,,,,,divinalondon,Whaaaat?,19-Jan-22,1
Missing Home,-2022,114 min,"Comedy, Drama",8,Bene Dion Rajagukguk,Bene Dion Rajagukguk,"1,992",,,,
Missing Home,-2022,114 min,"Comedy, Drama",8,Bene Dion Rajagukguk,Arswendy Bening Swara,"1,992",,,,
Missing Home,-2022,114 min,"Comedy, Drama",8,Bene Dion Rajagukguk,Tika Panggabean,"1,992",,,,
Missing Home,-2022,114 min,"Comedy, Drama",8,Bene Dion Rajagukguk,Boris Bokir,"1,992",,,,
Missing Home,-2022,114 min,"Comedy, Drama",8,Bene Dion Rajagukguk,Ghita Bhebhita,"1,992",,,,
,,,,,,,,witra_as,Strong emphasis on family relationships,4-Jun-22,9
,,,,,,,,ytharumta,The Best Family Drama Movies,2-Jun-22,10
,,,,,,,,yehezkielginting,Full of laugh and tears,3-Jun-22,10
,,,,,,,,canisthya,Nature and culture perfect mix,8-Oct-22,8
,,,,,,,,bimaadiwira,Perfect balance of comedy and heartwarming family story,4-Jul-22,8
,,,,,,,,awaldibachtiar,Good story and acting,5-Jun-22,9
,,,,,,,,hans-panjaitan-330-89832,Truly Bataknese family,7-Jul-22,9
,,,,,,,,nottfreyja,Whole package of family movie,13-Jun-22,9
,,,,,,,,samODA-092,Really represents the Bataknese family,4-Jul-22,10
,,,,,,,,pasaribuharisfadli,A familial comedy-drama that felt familiar and pertinent,8-Jun-22,7
,,,,,,,,bajingantampan,A Movie for Everybody,14-Jun-22,10
,,,,,,,,hiapakabarsehat,Best Family Movie,18-Jun-22,10
,,,,,,,,andrewchristianjr,WELL-TOLD. DEEPLY PERSONAL.,9-Oct-22,8
,,,,,,,,ladyroockerz,Great storyline!,24-Apr-23,9
,,,,,,,,HafizhMaulana21,A family drama film full of meaning and empathy with cultural beauty,24-Nov-22,10
,,,,,,,,ryolusky13,An honest and balanced portrait of Batak family and its cultural values,6-Oct-22,9
,,,,,,,,evelynsimorangkir,Good,31-Jul-22,8
,,,,,,,,yoonbeeyond,Good family-drama,29-Jan-24,8
Falling in Love Like in Movies,-2023,118 min,"Comedy, Drama, Romance",8.7,Yandy Laurens,Yandy Laurens,631,,,,
Falling in Love Like in Movies,-2023,118 min,"Comedy, Drama, Romance",8.7,Yandy Laurens,Ringgo Agus Rahman,631,,,,
Falling in Love Like in Movies,-2023,118 min,"Comedy, Drama, Romance",8.7,Yandy Laurens,Nirina Zubir,631,,,,
Falling in Love Like in Movies,-2023,118 min,"Comedy, Drama, Romance",8.7,Yandy Laurens,Alex Abbad,631,,,,
Falling in Love Like in Movies,-2023,118 min,"Comedy, Drama, Romance",8.7,Yandy Laurens,Sheila Dara Aisha,631,,,,
Sri Asih,-2022,135 min,"Action, Adventure, Drama",6.4,Upi Avianto,Upi Avianto,"1,383",,,,
Sri Asih,-2022,135 min,"Action, Adventure, Drama",6.4,Upi Avianto,Pevita Pearce,"1,383",,,,
Sri Asih,-2022,135 min,"Action, Adventure, Drama",6.4,Upi Avianto,Ario Bayu,"1,383",,,,
Sri Asih,-2022,135 min,"Action, Adventure, Drama",6.4,Upi Avianto,Christine Hakim,"1,383",,,,
Sri Asih,-2022,135 min,"Action, Adventure, Drama",6.4,Upi Avianto,Jefri Nichol,"1,383",,,,
,,,,,,,,mademoisherl,Could've been so much better than this,4-Dec-22,6
,,,,,,,,sansanxaverius-76886,Wonder Woman Wanna Be,21-Nov-22,6
,,,,,,,,geraldkweesar,"An Improvement, But Still Isn't Good",31-Mar-23,5
,,,,,,,,sanjaime-10089,This was far better than gundala,19-Nov-22,8
,,,,,,,,monibhebhe,best superhero movie in southeast asia,17-Nov-22,10
,,,,,,,,fvhimawan,Insufficient Character Build Up,27-Mar-23,6
,,,,,,,,haitsamrafid,impressive.,20-Nov-22,8
,,,,,,,,seniorscratchy,Improvements from Gundala! But...,20-Nov-22,8
,,,,,,,,rofiffaiz,"Strong world building, action packed, WW with The Raid moves",17-Nov-22,8
,,,,,,,,aliffiandika,Fighting scene & the CGI are beyond expectation,21-Nov-22,8
,,,,,,,,aji_gps,Dragging... dragging... dragging...,18-Apr-23,6
,,,,,,,,devinaanita,JUST STAY... IT GETS BETTER!!,22-Nov-22,7
,,,,,,,,rahimnoryan,I AM PROUD TO BE INDONESIAN,6-Dec-23,7
,,,,,,,,magnussonborski,"Not good, but not that bad either",20-Nov-22,5
,,,,,,,,Crescent11,Very good follow up after Gundala,26-Nov-22,10
,,,,,,,,cahidi,Dewi Asih,2-Oct-23,7
,,,,,,,,niarlove,IMPROVED 100%!!!,18-Nov-22,10
,,,,,,,,nick98nicholas,"Well-made, action-packed, Indonesian film.",22-Nov-22,8
,,,,,,,,bayunugrohomail,Sri Asih ^_^,20-Nov-22,10
,,,,,,,,BandSAboutMovies,Indonesian comic books,9-Jul-23,6
,,,,,,,,vincentrcrd,Very disappointing,20-Nov-22,1
,,,,,,,,gittagittab,A must watch film,22-Nov-22,8
,,,,,,,,friscalvionit,VERY RECOMMENDED!!!üëåüèΩ,22-Nov-22,10
,,,,,,,,yuvenlalu,best indonesian superhero movie,19-Nov-22,10
,,,,,,,,lihatjalanan,Bad Music Theme,14-Dec-23,5
Miracle in Cell No. 7,-2022,145 min,"Comedy, Drama, Family",7.7,Hanung Bramantyo,Hanung Bramantyo,836,,,,
Miracle in Cell No. 7,-2022,145 min,"Comedy, Drama, Family",7.7,Hanung Bramantyo,Vino G. Bastian,836,,,,
Miracle in Cell No. 7,-2022,145 min,"Comedy, Drama, Family",7.7,Hanung Bramantyo,Graciella Abigail,836,,,,
Miracle in Cell No. 7,-2022,145 min,"Comedy, Drama, Family",7.7,Hanung Bramantyo,Mawar Eva de Jongh,836,,,,
Miracle in Cell No. 7,-2022,145 min,"Comedy, Drama, Family",7.7,Hanung Bramantyo,Indro Warkop,836,,,,
,,,,,,,,pink_giulie,"Wonderful, emotional movie",19-Nov-20,10
,,,,,,,,frans_xavier,A Soapy Film with Telenovela Style,21-Oct-22,1
,,,,,,,,alejahernandezlopez,Aleja,29-Oct-20,
,,,,,,,,paul_haakonsen,Quite a beautiful and emotional movie...,15-Jul-23,7
Stealing Raden Saleh,-2022,154 min,"Action, Crime, Drama",7.3,Angga Dwimas Sasongko,Angga Dwimas Sasongko,"2,644",,,,
Stealing Raden Saleh,-2022,154 min,"Action, Crime, Drama",7.3,Angga Dwimas Sasongko,Iqbaal Dhiafakhri Ramadhan,"2,644",,,,
Stealing Raden Saleh,-2022,154 min,"Action, Crime, Drama",7.3,Angga Dwimas Sasongko,Angga Yunanda,"2,644",,,,
Stealing Raden Saleh,-2022,154 min,"Action, Crime, Drama",7.3,Angga Dwimas Sasongko,Rachel Amanda,"2,644",,,,
Stealing Raden Saleh,-2022,154 min,"Action, Crime, Drama",7.3,Angga Dwimas Sasongko,Umay Shahab,"2,644",,,,
,,,,,,,,MichaelNontonMulu,A Pretty Well Executed Indonesian Heist Movie,26-Aug-22,8
,,,,,,,,yeanyprajaya,A BREATH OF FRESH AIR TO INDONESIAN FILM GENRE!,28-Aug-22,9
,,,,,,,,daryopeek,It's a fun and fulfilling film,4-Sep-22,8
,,,,,,,,inayatulfm,Indonesian action films recommended!,13-Dec-22,8
,,,,,,,,mikesimatupang,"The title didn't attract me AT ALL, but turned out it's A GOOD MOVIE TO WATCH!!!",28-Aug-22,8
,,,,,,,,fayreview,best indonesian heist movie in 2022!,2-Sep-22,9
,,,,,,,,albertval-69560,"Heist Film, Indonesian Style",6-Jan-23,7
,,,,,,,,Miputra,A bad movie and a good movie in one movie,6-Sep-22,7
,,,,,,,,HafizhMaulana21,The best theft film owned by Indonesia,24-Nov-22,10
,,,,,,,,rafaelfardhan,"A film that is not boring, a good plot and a good story",13-Sep-22,10
,,,,,,,,rahmanita-12828,Best Indonesia movie about heist,4-Sep-22,9
,,,,,,,,ops-52535,a highly interesting...,5-Jan-23,9
,,,,,,,,andrewchristianjr,SUPER FUN!,8-Jan-23,8
,,,,,,,,widyakamara,Amazing Action Movie,2-Jan-23,10
,,,,,,,,syakam,So Many Unexpected Plot,28-Aug-22,9
,,,,,,,,cinephile-007,A near perfect heist movie that keeps you engaged throughout,26-Jan-23,8
Two Blue Stripes,-2019,113 min,Drama,7.8,Gina S. Noer,Gina S. Noer,"1,585",,,,
Two Blue Stripes,-2019,113 min,Drama,7.8,Gina S. Noer,Adhisty Zara,"1,585",,,,
Two Blue Stripes,-2019,113 min,Drama,7.8,Gina S. Noer,Angga Yunanda,"1,585",,,,
Two Blue Stripes,-2019,113 min,Drama,7.8,Gina S. Noer,Cut Mini Theo,"1,585",,,,
Two Blue Stripes,-2019,113 min,Drama,7.8,Gina S. Noer,Arswendy Bening Swara,"1,585",,,,
,,,,,,,,daryopeek,A genuine sex ed flick that Indonesia needs,24-Jul-19,9
,,,,,,,,vi-nino,"It's TWO BLUE STRIPES movie, not JUNO's rip-off!",22-Jul-19,10
,,,,,,,,iamianiman,Dua Garis Biru crosses the line to reaching its good title.,4-Oct-19,7
,,,,,,,,RendyBrontosaurus,Dare to be Different!!,11-Nov-20,8
,,,,,,,,slytherinserpent,A really good movie,22-Nov-19,8
,,,,,,,,ini_ynti-22457,Enjoyable,10-Mar-20,7
,,,,,,,,massagekirana,Film Keren,9-Aug-19,10
,,,,,,,,reinaldowilliam818,The movie that we need AND we deserve,29-Jul-19,8
,,,,,,,,yuseric,IT'S NOT A SEX EDUCATION MOVIE!!!!!,28-Nov-19,8
,,,,,,,,ioyreviewee,Good? Yes. A bit overrated? Absolutely!,10-Jun-20,6
,,,,,,,,ansar88,Educational Movie,1-Jul-22,8
What's Up with Cinta?,-2002,112 min,"Drama, Romance",7.7,Rudy Soedjarwo,Rudy Soedjarwo,"3,119",,,,
What's Up with Cinta?,-2002,112 min,"Drama, Romance",7.7,Rudy Soedjarwo,Dian Sastrowardoyo,"3,119",,,,
What's Up with Cinta?,-2002,112 min,"Drama, Romance",7.7,Rudy Soedjarwo,Nicholas Saputra,"3,119",,,,
What's Up with Cinta?,-2002,112 min,"Drama, Romance",7.7,Rudy Soedjarwo,Ladya Cheryl,"3,119",,,,
What's Up with Cinta?,-2002,112 min,"Drama, Romance",7.7,Rudy Soedjarwo,Titi Kamal,"3,119",,,,
,,,,,,,,tiggerhans,"A little gem from Indonesia! TeenLove hurts, but in the end they live happily ever after.",13-Mar-02,8
,,,,,,,,kevin_blaze,"The best Indonesian movie ever made with great storyline, setting, casting and soundtrack!",24-Jul-02,10
,,,,,,,,kvnbrghtn,The start of Indonesia's comeback,22-Oct-04,10
,,,,,,,,savetheempire,Sheer brilliance,5-Oct-02,
,,,,,,,,suannz86,one of the best teen flicks i've ever seen.,11-Jan-05,10
,,,,,,,,rayfienta22,"'Ada Apa dengan Cinta?"" Forever.",9-Nov-14,10
,,,,,,,,harve_p,Memories and reflections from high school,25-Mar-02,8
,,,,,,,,tiggerhans,Soap for the masses.,6-Mar-02,8
,,,,,,,,keith.mclennan,A Hollywood-style teen movie from Indonesia,2-Jul-03,
,,,,,,,,deliasayang,"Better than most Hollywood teen movies, for sure.",6-Jan-05,8
,,,,,,,,ve-handojo,to see again and again,28-Oct-02,7
,,,,,,,,lee-90,great story about love,12-Jan-03,10
,,,,,,,,meydiana-65242,Not bad movie,31-May-21,8
,,,,,,,,risand,nice treat...,13-Sep-02,
,,,,,,,,sukapesta,"a delectable treat, but don't get your hopes up...",20-Sep-05,9
,,,,,,,,gila_film,Positive teen flick,15-Dec-02,8
,,,,,,,,shi612,Enjoyable adolescent movie from Indonesia with Hollywood taste,22-Nov-05,8
,,,,,,,,gc_susetyo,"Breakthrough (by the way, this also contains a spoiler for The Prince And Me)",12-Mar-06,9
,,,,,,,,aldiandoko,A well directed drama-romance.,9-Mar-18,10
,,,,,,,,calvinh1985,Sweet Story,26-Sep-04,9
,,,,,,,,laruelle,A fresh view over Indonesian society,17-Nov-02,10
,,,,,,,,Matt73,Diamond in the Rough,1-Aug-02,8
,,,,,,,,frereloupe9,the birth of pop-indocinema?,13-Jul-02,
,,,,,,,,milakariyn,Simple yet touching story!,24-Jul-12,7
,,,,,,,,kabankkabank,Bad Movie!!!,4-Feb-07,5
Ganjil Genap,-2023,124 min,"Comedy, Drama, Romance",7.5,Bene Dion Rajagukguk,Bene Dion Rajagukguk,107,,,,
Ganjil Genap,-2023,124 min,"Comedy, Drama, Romance",7.5,Bene Dion Rajagukguk,Clara Bernadeth,107,,,,
Ganjil Genap,-2023,124 min,"Comedy, Drama, Romance",7.5,Bene Dion Rajagukguk,Baskara Mahendra,107,,,,
Ganjil Genap,-2023,124 min,"Comedy, Drama, Romance",7.5,Bene Dion Rajagukguk,Oka Antara,107,,,,
Ganjil Genap,-2023,124 min,"Comedy, Drama, Romance",7.5,Bene Dion Rajagukguk,Josephine Firmstone,107,,,,
Broken Wings,-2022,110 min,"Action, Drama, Romance",5.6,Rudy Soedjarwo,Rudy Soedjarwo,"1,600",,,,
Broken Wings,-2022,110 min,"Action, Drama, Romance",5.6,Rudy Soedjarwo,Nicholas Saputra,"1,600",,,,
Broken Wings,-2022,110 min,"Action, Drama, Romance",5.6,Rudy Soedjarwo,Ariel Tatum,"1,600",,,,
Broken Wings,-2022,110 min,"Action, Drama, Romance",5.6,Rudy Soedjarwo,Iwa K.,"1,600",,,,
Broken Wings,-2022,110 min,"Action, Drama, Romance",5.6,Rudy Soedjarwo,Poppy Sovia,"1,600",,,,
,,,,,,,,feryantt,The star is not for Ariel Tatum. I would die for Ariel Tatum,23-Aug-22,1
,,,,,,,,vrffhcn,Verry bad movie,21-Aug-22,1
,,,,,,,,avakina,The part I like the most,21-Aug-22,1
,,,,,,,,aqien,the storyline is bad,18-Aug-22,1
,,,,,,,,movietrailermm,Broken wing another broken script,25-Aug-22,1
,,,,,,,,ilhamdb,Don't get the hate,23-Aug-22,9
,,,,,,,,hamzahanaz-64757,"The actors are good, the acting is also good, but the movie feels boring and the story is easy to gues.",22-Aug-22,1
,,,,,,,,masagusridwanfebriyan,Very disappointed,20-Aug-22,1
,,,,,,,,akbar_i,Predictable storyline,22-Aug-22,1
,,,,,,,,densussiregar,Complicated Story & Bad Action,24-Aug-22,1
,,,,,,,,Abc-kal,Plagiarisme,22-Aug-22,1
,,,,,,,,rudihermawanhajimugeni,Bad Movies,23-Aug-22,1
,,,,,,,,irdenihartono,garbage movie,22-Aug-22,1
,,,,,,,,mikesimatupang,"Got free ticket & dissapointed. Ngl, you better watch other movie!",28-Aug-22,2
,,,,,,,,jouirvan,My Favorit Film,19-Aug-22,10
,,,,,,,,hopemylifebebetter,Nonsense,23-Aug-22,1
,,,,,,,,fitriyantoandi,We need more like this,19-Aug-22,10
,,,,,,,,bodcctv,buzzer,24-Aug-22,1
,,,,,,,,yusakmanullang,An absolute watch movie.,18-Aug-22,10
,,,,,,,,joechaniagojc,Nothing special,23-Aug-22,1
,,,,,,,,kadrunjahanam,So nice,19-Aug-22,10
,,,,,,,,aliviasania,"Good movie based on ""Real Storry"" vs Radikals",25-Aug-22,10
,,,,,,,,mayaagustini,Not bad,20-Aug-22,7
,,,,,,,,agustinussamin,THIS FILM IS REALLY VERY GOOD,18-Aug-22,10
,,,,,,,,yonasirvanputra,Spectacular Movie,19-Aug-22,10
Yuni,-2021,95 min,Drama,7.4,Kamila Andini,Kamila Andini,"1,499",,,,
Yuni,-2021,95 min,Drama,7.4,Kamila Andini,Arawinda Kirana,"1,499",,,,
Yuni,-2021,95 min,Drama,7.4,Kamila Andini,Asmara Abigail,"1,499",,,,
Yuni,-2021,95 min,Drama,7.4,Kamila Andini,Sekar Sari,"1,499",,,,
Yuni,-2021,95 min,Drama,7.4,Kamila Andini,Marissa Anita,"1,499",,,,
,,,,,,,,Blue-Grotto,"Like a cloud turns to rain with no words, I simply want to love you.",2-Oct-21,9
,,,,,,,,CinemaClown,A Candid Portrait Of What It's Like To Be A Young Girl In Indonesia,10-May-22,
,,,,,,,,pasaribuharisfadli,Multilayered in its simplicity. A gem need to watch!,10-Dec-21,8
,,,,,,,,atractiveeyes,V Good,16-Jan-22,7
,,,,,,,,triaprilitatata,Success,15-Oct-21,9
,,,,,,,,FilmFlowCritics,A glimpse of a very different culture,9-Nov-21,7
,,,,,,,,elder-81604,"Indonesian indie-darling ""Yuni"" tantilizes in its mature and contemporary slant on coming of age",28-Oct-21,9
,,,,,,,,daryopeek,An honest portrait,29-May-22,9
,,,,,,,,canisthya,Excellent,22-Jun-22,10
,,,,,,,,mazisramadhan,Cinematic symphony of emotion,22-Dec-23,10
,,,,,,,,alanicareek-97898,GOOD MOVIE BUT THERE'S STRANGE MESSAGE INSIDE,23-Mar-23,3
Imperfect,-2019,113 min,"Comedy, Drama, Romance",7.7,Ernest Prakasa,Ernest Prakasa,"1,327",,,,
Imperfect,-2019,113 min,"Comedy, Drama, Romance",7.7,Ernest Prakasa,Jessica Mila,"1,327",,,,
Imperfect,-2019,113 min,"Comedy, Drama, Romance",7.7,Ernest Prakasa,Reza Rahadian,"1,327",,,,
Imperfect,-2019,113 min,"Comedy, Drama, Romance",7.7,Ernest Prakasa,Yasmin Napper,"1,327",,,,
Imperfect,-2019,113 min,"Comedy, Drama, Romance",7.7,Ernest Prakasa,Karina Suwandhi,"1,327",,,,
,,,,,,,,vi-nino,This is a movie that our society needs.,24-Dec-19,10
,,,,,,,,rescy009,Not your typical Asian drama movies......,29-Dec-19,8
,,,,,,,,aryawibitomo,Best Indonesian movie in 2019 !,1-Jan-20,10
,,,,,,,,klemenaslan,Nice movie...,25-Dec-19,9
,,,,,,,,rainerraff-87519,Critics that also give you a good relief,13-Jul-20,9
,,,,,,,,abiprajaap,High Recommended Movie,28-Dec-19,10
,,,,,,,,ephenys,Awesome family movie to watch !,30-Dec-19,10
,,,,,,,,darc-04238,Brilliant Indonesian Movie to close 2019,1-Jan-20,10
,,,,,,,,bryantxzhan,Worth to watch,6-Jun-21,9
,,,,,,,,laurentsita,Its nice but..,2-Jan-20,8
,,,,,,,,wahyuredhani,Okay,13-Mar-22,8
,,,,,,,,daryopeek,Formulaic but still works,23-Aug-22,8
,,,,,,,,keyldoe,Plain script contain powerful message,18-Jul-20,4
Cemara's Family,-2018,110 min,"Drama, Family",7.7,Yandy Laurens,Yandy Laurens,945,,,,
Cemara's Family,-2018,110 min,"Drama, Family",7.7,Yandy Laurens,Nirina Zubir,945,,,,
Cemara's Family,-2018,110 min,"Drama, Family",7.7,Yandy Laurens,Ringgo Agus Rahman,945,,,,
Cemara's Family,-2018,110 min,"Drama, Family",7.7,Yandy Laurens,Adhisty Zara,945,,,,
Cemara's Family,-2018,110 min,"Drama, Family",7.7,Yandy Laurens,Widuri Sasono,945,,,,
,,,,,,,,LDRmuffin,Heartwarming!,4-Jan-19,8
,,,,,,,,annisasafanta,Helping Digital Economy,4-Jan-19,8
,,,,,,,,juliusalexs,Good Movie,3-Jan-19,9
,,,,,,,,ignsyndrome,Beautiful Movie,26-Jul-19,9
,,,,,,,,RHZlubis,"It's good, but overrated",29-Apr-20,7
,,,,,,,,ykd-95042,Really Likes the Scenario,8-Jan-19,8
,,,,,,,,rainerraff-87519,Will Not Fail to Touch Your Heart,12-Jan-19,9
,,,,,,,,leonihang,True Value of Family - Priceless!,7-Jan-19,9
,,,,,,,,zafierfazamuhammad,What a beautiful movie!!,19-Jan-19,9
,,,,,,,,cocingescape,Family Movie that Must be Watched.,9-Jan-19,8
,,,,,,,,ferryvisual,A heartwarming movie that touched me from beginning to finished,18-Sep-19,10
,,,,,,,,karismaputrime,One of good movie in 2019,10-Jan-19,9
,,,,,,,,pragyaaguna,"Doesn't Feel Like A Very Special Movie, But Its Also Far From Bad",24-Jun-22,5
,,,,,,,,Xomed007,A moral story,4-Jan-19,8
,,,,,,,,amirmsani,Skip it,13-Jul-21,4
Perfect Strangers,-2022,125 min,"Comedy, Drama",7.4,Rako Prijanto,Rako Prijanto,691,,,,
Perfect Strangers,-2022,125 min,"Comedy, Drama",7.4,Rako Prijanto,Vino G. Bastian,691,,,,
Perfect Strangers,-2022,125 min,"Comedy, Drama",7.4,Rako Prijanto,Adipati Dolken,691,,,,
Perfect Strangers,-2022,125 min,"Comedy, Drama",7.4,Rako Prijanto,Jessica Mila,691,,,,
Perfect Strangers,-2022,125 min,"Comedy, Drama",7.4,Rako Prijanto,Denny Sumargo,691,,,,
,,,,,,,,HafizhMaulana21,"Exciting, suspenseful, and interesting drama stories",24-Nov-22,8
Check Store Next Door,-2016,104 min,"Comedy, Drama",7.8,Ernest Prakasa,Ernest Prakasa,"2,130",,,,
Check Store Next Door,-2016,104 min,"Comedy, Drama",7.8,Ernest Prakasa,Ernest Prakasa,"2,130",,,,
Check Store Next Door,-2016,104 min,"Comedy, Drama",7.8,Ernest Prakasa,Kin Wah Chew,"2,130",,,,
Check Store Next Door,-2016,104 min,"Comedy, Drama",7.8,Ernest Prakasa,Gisella Anastasia,"2,130",,,,
Check Store Next Door,-2016,104 min,"Comedy, Drama",7.8,Ernest Prakasa,Dion Wiyoko,"2,130",,,,
,,,,,,,,imdberc,My Top Indonesian Movie,7-Feb-17,
,,,,,,,,emir-adenaury,An honest Indonesian movie about family,24-Feb-17,8
,,,,,,,,devilapolo,Good Job Another Indonesian Movie,10-Feb-17,10
,,,,,,,,unhealthyobsession,One of Indonesia's best,21-Oct-20,8
,,,,,,,,ini_ynti-22457,So wonderful!,26-Oct-17,9
,,,,,,,,rgamawann,Quite a good movie. Recommended.,22-Sep-17,8
,,,,,,,,bryantxzhan,Awesome movie,6-Jun-21,10
,,,,,,,,atharmiyukucing,"Quite good indeed, And some scene is quite memorable",18-Jul-21,9
,,,,,,,,radenvito-08616,"Touch on Real Life of chinese indonesian, not pulling away from issues but delivering them with grace",13-Jun-18,8
,,,,,,,,bram_yohanes,A true film about diversity in Indonesia,14-Jun-17,8
,,,,,,,,alexandermaleke,Moving forward,25-Jul-18,10
Check Store Next Door 2,-2022,114 min,"Comedy, Drama",7.6,Ernest Prakasa,Ernest Prakasa,513,,,,
Check Store Next Door 2,-2022,114 min,"Comedy, Drama",7.6,Ernest Prakasa,Meira Anastasia,513,,,,
Check Store Next Door 2,-2022,114 min,"Comedy, Drama",7.6,Ernest Prakasa,Ernest Prakasa,513,,,,
Check Store Next Door 2,-2022,114 min,"Comedy, Drama",7.6,Ernest Prakasa,Laura Basuki,513,,,,
Check Store Next Door 2,-2022,114 min,"Comedy, Drama",7.6,Ernest Prakasa,Kin Wah Chew,513,,,,
Check Store Next Door 2,-2022,114 min,"Comedy, Drama",7.6,Ernest Prakasa,Dion Wiyoko,513,,,,
,,,,,,,,yohanesbenh,I can't believe I'm the very first person reviewing this MASTERPIECE!,29-Apr-23,10
,,,,,,,,aipsun,"Cek Toko Sebelah 2: A Heartfelt, Touching yet Entertaining Sequel",1-Jul-23,7
,,,,,,,,tsutjipto,Touching and Marvelous,28-Nov-23,9
"Cinta Pertama, Kedua, & Ketiga",-2021,105 min,"Drama, Romance",6.7,Gina S. Noer,Gina S. Noer,394,,,,
"Cinta Pertama, Kedua, & Ketiga",-2021,105 min,"Drama, Romance",6.7,Gina S. Noer,Angga Yunanda,394,,,,
"Cinta Pertama, Kedua, & Ketiga",-2021,105 min,"Drama, Romance",6.7,Gina S. Noer,Putri Marino,394,,,,
"Cinta Pertama, Kedua, & Ketiga",-2021,105 min,"Drama, Romance",6.7,Gina S. Noer,Slamet Rahardjo,394,,,,
"Cinta Pertama, Kedua, & Ketiga",-2021,105 min,"Drama, Romance",6.7,Gina S. Noer,Ira Wibowo,394,,,,
,,,,,,,,pasaribuharisfadli,What a mess!,8-Jan-22,5
5 cm,-2012,125 min,"Adventure, Drama, Romance",7.2,Rizal Mantovani,Rizal Mantovani,"2,391",,,,
5 cm,-2012,125 min,"Adventure, Drama, Romance",7.2,Rizal Mantovani,Herjunot Ali,"2,391",,,,
5 cm,-2012,125 min,"Adventure, Drama, Romance",7.2,Rizal Mantovani,Raline Shah,"2,391",,,,
5 cm,-2012,125 min,"Adventure, Drama, Romance",7.2,Rizal Mantovani,Fedi Nuril,"2,391",,,,
5 cm,-2012,125 min,"Adventure, Drama, Romance",7.2,Rizal Mantovani,Pevita Pearce,"2,391",,,,
,,,,,,,,bakerstreet-862-612840,"Believe in ""5cm"" in front of your forehead.",9-Dec-13,7
,,,,,,,,LedyMissy,"Have a Bit of Taste of What Friendship, Love, and Life is Like in This Finely Scripted Movie, 5 cm",29-Dec-15,7
,,,,,,,,andrewchristianjr,GOOD VISUAL BUT CRINGE AND OVERDRAMATIC.,17-Jul-22,7
,,,,,,,,rafiibarati,5 cm is real in frront of your eyes,13-May-19,10
,,,,,,,,zulfaainitul,Unforgettable story~The power of belief~~,13-May-19,10
,,,,,,,,kelul,Something New,21-Oct-20,6
My Stupid Boss 2,-2019,96 min,"Adventure, Comedy",6.5,Upi Avianto,Upi Avianto,530,,,,
My Stupid Boss 2,-2019,96 min,"Adventure, Comedy",6.5,Upi Avianto,Reza Rahadian,530,,,,
My Stupid Boss 2,-2019,96 min,"Adventure, Comedy",6.5,Upi Avianto,Bunga Citra Lestari,530,,,,
My Stupid Boss 2,-2019,96 min,"Adventure, Comedy",6.5,Upi Avianto,Kin Wah Chew,530,,,,
My Stupid Boss 2,-2019,96 min,"Adventure, Comedy",6.5,Upi Avianto,Atikah Suhaime,530,,,,
,,,,,,,,daryopeek,"A great sitcom formula, but a major no for a movie sequel",30-Mar-19,5
,,,,,,,,shdmnasution,very entertaining comedy movies,28-Mar-19,8
,,,,,,,,ratihanisah,Commedy,13-May-19,9
,,,,,,,,rd-djunaedi,All casts are great except Morgan Oey,6-Jun-21,8
Fireworks,-2023,104 min,"Drama, Thriller",7,Herwin Novianto,Herwin Novianto,371,,,,
Fireworks,-2023,104 min,"Drama, Thriller",7,Herwin Novianto,Marsha Timothy,371,,,,
Fireworks,-2023,104 min,"Drama, Thriller",7,Herwin Novianto,Ringgo Agus Rahman,371,,,,
Fireworks,-2023,104 min,"Drama, Thriller",7,Herwin Novianto,Donny Damara,371,,,,
Fireworks,-2023,104 min,"Drama, Thriller",7,Herwin Novianto,Hanggini,371,,,,
What's Up with Cinta 2,-2016,123 min,"Drama, Romance",7.3,Riri Riza,Riri Riza,"2,106",,,,
What's Up with Cinta 2,-2016,123 min,"Drama, Romance",7.3,Riri Riza,Nicholas Saputra,"2,106",,,,
What's Up with Cinta 2,-2016,123 min,"Drama, Romance",7.3,Riri Riza,Dian Sastrowardoyo,"2,106",,,,
What's Up with Cinta 2,-2016,123 min,"Drama, Romance",7.3,Riri Riza,Titi Kamal,"2,106",,,,
What's Up with Cinta 2,-2016,123 min,"Drama, Romance",7.3,Riri Riza,Adinia Wirasti,"2,106",,,,
,,,,,,,,shiina_ringo_johansson,"Ada Apa dengan Commercial, Never as Good as the First Time",6-May-16,7
,,,,,,,,syazwanrosman,An Unnecassary Sequel,4-May-16,4
,,,,,,,,reinaldowilliam818,"Hey, what's up with love?",17-May-16,8
,,,,,,,,jonbudi,Teen romance drama,1-Mar-17,8
,,,,,,,,meydiana-65242,"Great, not so bad for a sequel",31-May-21,10
,,,,,,,,fernallfn,Below Expectation,23-May-16,3
,,,,,,,,friddenelgar,The whole Movie all about,8-May-16,5
,,,,,,,,setigaiki,"Great, not so bad for a sequel.",22-May-16,8
,,,,,,,,bruno_occhipinti,Beautiful sequel across Jogja and NY,12-Nov-16,9
Aruna & Her Palate,-2018,106 min,"Drama, Romance",7.1,Edwin,Edwin,871,,,,
Aruna & Her Palate,-2018,106 min,"Drama, Romance",7.1,Edwin,Dian Sastrowardoyo,871,,,,
Aruna & Her Palate,-2018,106 min,"Drama, Romance",7.1,Edwin,Nicholas Saputra,871,,,,
Aruna & Her Palate,-2018,106 min,"Drama, Romance",7.1,Edwin,Hannah Al Rashid,871,,,,
Aruna & Her Palate,-2018,106 min,"Drama, Romance",7.1,Edwin,Oka Antara,871,,,,
,,,,,,,,MichaelNontonMulu,A Nice Romantic Movie with Some Wonderful Culinary Experience,3-Oct-18,8
,,,,,,,,aldybeatbox21,Simplicity always win!,3-Oct-18,8
,,,,,,,,astridirawati2002,Entertaining,7-Oct-18,8
,,,,,,,,peteradisaputro,Quite Simple Story and Entertaining,10-May-20,8
,,,,,,,,oshkpublikahk,Recommended for Food Hunter,5-Dec-19,9
,,,,,,,,teguhtriguna,MUST WATCH movie with strong sense of Indonesian Culinary!,24-May-20,8
,,,,,,,,gsajuti,A great movie for those who love to explore culinary.,16-May-20,8
Ghost Writer,(II) (2019),97 min,"Comedy, Drama, Horror",6.6,Bene Dion Rajagukguk,Bene Dion Rajagukguk,532,,,,
Ghost Writer,(II) (2019),97 min,"Comedy, Drama, Horror",6.6,Bene Dion Rajagukguk,Tatjana Saphira,532,,,,
Ghost Writer,(II) (2019),97 min,"Comedy, Drama, Horror",6.6,Bene Dion Rajagukguk,Ge Pamungkas,532,,,,
Ghost Writer,(II) (2019),97 min,"Comedy, Drama, Horror",6.6,Bene Dion Rajagukguk,Deva Mahenra,532,,,,
Ghost Writer,(II) (2019),97 min,"Comedy, Drama, Horror",6.6,Bene Dion Rajagukguk,Ernest Prakasa,532,,,,
,,,,,,,,djamessaurus,"One good movie, worth to watch.",11-Jun-19,8
,,,,,,,,Khaskhask,GOKIL TO THE MAX,7-Jun-19,10
,,,,,,,,akhidavid,A FILM ABOUT THE GHOST OF THE BOOK WRITER'S ASSISTANT,11-Jul-21,9
,,,,,,,,sigitmurhadiyanto-42015,nice movie,10-Nov-20,9
,,,,,,,,HafizhMaulana21,"Nice, moved, but less nervous",17-Jun-23,6
,,,,,,,,SstrykerR,Fun little experience,8-Jun-21,7
Gie,-2005,147 min,"Biography, Drama, History",7.6,Riri Riza,Riri Riza,"1,058",,,,
Gie,-2005,147 min,"Biography, Drama, History",7.6,Riri Riza,Nicholas Saputra,"1,058",,,,
Gie,-2005,147 min,"Biography, Drama, History",7.6,Riri Riza,Jonathan Mulia,"1,058",,,,
Gie,-2005,147 min,"Biography, Drama, History",7.6,Riri Riza,Thomas Nawilis,"1,058",,,,
Gie,-2005,147 min,"Biography, Drama, History",7.6,Riri Riza,Christian Audi,"1,058",,,,
,,,,,,,,king_vsjn,A good attempt of non-documentary biography from Indonesia,12-Aug-05,8
,,,,,,,,winang,"""Gie"" is a satisfying multidimensional story about a unique and complex Indonesian political activist",18-Jul-05,8
,,,,,,,,nenen,Gie: The Hidden Thunder,28-Jul-05,7
,,,,,,,,sahman_dede,A part of Indonesian Struggle,9-Oct-05,7
,,,,,,,,tedicaprio,Nicolas is spot-on,25-Sep-19,7
,,,,,,,,gc_susetyo,"Not perfect, but good job nevertheless",28-Apr-06,7
,,,,,,,,cyguration,A Little Too Slow,11-May-20,7
,,,,,,,,proletariatpower,could have been better....,17-Mar-06,3
Habibie & Ainun,-2012,120 min,"Biography, Drama, Romance",7.6,Faozan Rizal,Faozan Rizal,"2,246",,,,
Habibie & Ainun,-2012,120 min,"Biography, Drama, Romance",7.6,Faozan Rizal,Reza Rahadian,"2,246",,,,
Habibie & Ainun,-2012,120 min,"Biography, Drama, Romance",7.6,Faozan Rizal,Bunga Citra Lestari,"2,246",,,,
Habibie & Ainun,-2012,120 min,"Biography, Drama, Romance",7.6,Faozan Rizal,Tio Pakusadewo,"2,246",,,,
Habibie & Ainun,-2012,120 min,"Biography, Drama, Romance",7.6,Faozan Rizal,Ratna Riantiarno,"2,246",,,,
,,,,,,,,DICK STEEL,A Nutshell Review: Habibie & Ainun,16-Mar-13,8
,,,,,,,,umpanumpan,Motivated !!,7-Jan-13,9
,,,,,,,,david-161-28390,More than a great film,26-Jan-20,10
,,,,,,,,meydiana-65242,Habibie & Ainun (2012),15-Mar-21,10
,,,,,,,,alberteffendy-98357,World,20-Nov-15,10
Ghost Writer 2,-2022,116 min,"Comedy, Drama, Horror",6.6,Muhadkly Acho,Muhadkly Acho,189,,,,
Ghost Writer 2,-2022,116 min,"Comedy, Drama, Horror",6.6,Muhadkly Acho,Tatjana Saphira,189,,,,
Ghost Writer 2,-2022,116 min,"Comedy, Drama, Horror",6.6,Muhadkly Acho,Deva Mahenra,189,,,,
Ghost Writer 2,-2022,116 min,"Comedy, Drama, Horror",6.6,Muhadkly Acho,Widyawati,189,,,,
Ghost Writer 2,-2022,116 min,"Comedy, Drama, Horror",6.6,Muhadkly Acho,Endy Arfian,189,,,,
,,,,,,,,witra_as,As good as part one,22-Jul-22,8
Yowis Band,-2018,99 min,"Comedy, Drama, Musical",7.3,Fajar Nugros,Fajar Nugros,"3,403",,,,
Yowis Band,-2018,99 min,"Comedy, Drama, Musical",7.3,Fajar Nugros,Bayu Skak,"3,403",,,,
Yowis Band,-2018,99 min,"Comedy, Drama, Musical",7.3,Fajar Nugros,Bayu Skak,"3,403",,,,
Yowis Band,-2018,99 min,"Comedy, Drama, Musical",7.3,Fajar Nugros,Cut Meyriska,"3,403",,,,
Yowis Band,-2018,99 min,"Comedy, Drama, Musical",7.3,Fajar Nugros,Brandon Salim,"3,403",,,,
Yowis Band,-2018,99 min,"Comedy, Drama, Musical",7.3,Fajar Nugros,Joshua Suherman,"3,403",,,,
,,,,,,,,emir-adenaury,Average.,4-Mar-18,5
,,,,,,,,bemzsoe,Overated,27-Aug-18,1
,,,,,,,,Khaskhask,Above 7.5 rating? Really?,21-Jul-18,3
,,,,,,,,elisellenn,Garbage,22-Mar-19,1
,,,,,,,,adiar-71222,THIS FILM IS OVERATTED,29-Mar-18,1
,,,,,,,,paryudiyudi,"Well, too overated to make it above 7.5",20-Mar-18,1
,,,,,,,,wanderational,"The movie is quite good, but the rating is over-exaggerated",19-Jan-20,7
,,,,,,,,adjieindrawan,OVERATTED,11-Oct-18,1
,,,,,,,,precillia_ss,Light story but full of moral values.,16-Mar-18,10
,,,,,,,,amanullahkhan_ok,OVERATED,11-Sep-18,7
,,,,,,,,farrellnaofal,Comedy,6-Mar-18,10
,,,,,,,,fahrezi_c,COMEDY,8-Mar-18,10
,,,,,,,,ahmzuhdi,Another Generic Romcom Movie,23-Apr-21,6
,,,,,,,,cissrawkdemon,Good Film,10-Mar-18,9
Joni's Promise,-2005,83 min,"Adventure, Comedy, Drama",7.6,Joko Anwar,Joko Anwar,"1,530",,,,
Joni's Promise,-2005,83 min,"Adventure, Comedy, Drama",7.6,Joko Anwar,Nicholas Saputra,"1,530",,,,
Joni's Promise,-2005,83 min,"Adventure, Comedy, Drama",7.6,Joko Anwar,Mariana Renata,"1,530",,,,
Joni's Promise,-2005,83 min,"Adventure, Comedy, Drama",7.6,Joko Anwar,Rachel Maryam Sayidina,"1,530",,,,
Joni's Promise,-2005,83 min,"Adventure, Comedy, Drama",7.6,Joko Anwar,Surya Saputra,"1,530",,,,
,,,,,,,,gila_film,A cool comedy with an intention to entertains,16-Jun-05,8
,,,,,,,,mkcen2000,"Simply fresh, simple, hip but intelligent, a promise well delivered.",10-Sep-05,9
,,,,,,,,killbill_tarantino2003,"""Janji Joni"" rocks the world!",20-Sep-05,10
,,,,,,,,deasy0deasy,What a surprise!,22-Jun-05,10
,,,,,,,,virtualmeanwhilee,Indonesian Cinema Gets Fresh Air,27-Apr-05,9
,,,,,,,,resident_evilmaniac,"A truly entertaining, inspiring, and meaningful ride! Highly recommended.",14-Jun-07,8
,,,,,,,,daniel70ppp,"Fresh, hip, different",29-Apr-05,9
,,,,,,,,rianty-wahab,"""Unique original story with over ambitious script writings""",10-Feb-10,7
,,,,,,,,shanty_mulia,Arguably the best Indonesian movie since 2000,26-May-05,10
,,,,,,,,tazangelic,Almost perfect combination!,3-May-05,8
,,,,,,,,diannndra,a one day journey of a delivery role film boy,22-May-05,6
,,,,,,,,iphien-keren,"Wonderful script, the acting can be better",29-Apr-06,8
,,,,,,,,incubrus,"excellent intro, bad middle and end.",17-Apr-06,6
,,,,,,,,bryantxzhan,Interesting Movie,18-Aug-21,10
,,,,,,,,gembel,"although it's not the best Indonesian movie, but it still interesting to see it",4-May-05,9
,,,,,,,,sanguine80,Trying too hard to be funny,7-May-05,6
,,,,,,,,shedoesntrule,"Pretty good, however..",4-Feb-06,8
,,,,,,,,weddypratama,"Good movie, but its story is similar to Scorseses'movie ""After Hours""",12-Sep-19,6
,,,,,,,,makanandansusu,Ok movie but a little bit let down.,15-Feb-21,5
,,,,,,,,daringdarlings,Just what the Indonesian audience wants (But not what they need),16-Jun-05,1
,,,,,,,,hellenrasyid,Joni and Joko should not quit their day job just yet.,15-Jun-05,
My Stupid Boss,-2016,108 min,Comedy,7.1,Upi Avianto,Upi Avianto,"1,749",,,,
My Stupid Boss,-2016,108 min,Comedy,7.1,Upi Avianto,Bunga Citra Lestari,"1,749",,,,
My Stupid Boss,-2016,108 min,Comedy,7.1,Upi Avianto,Reza Rahadian,"1,749",,,,
My Stupid Boss,-2016,108 min,Comedy,7.1,Upi Avianto,Alex Abbad,"1,749",,,,
My Stupid Boss,-2016,108 min,Comedy,7.1,Upi Avianto,Bront Palarae,"1,749",,,,
,,,,,,,,haziqmuhyidin,"A movie that serves direct relate-able humour, witty lines, and great comedic timing.",22-May-16,9
,,,,,,,,bayuvevo,FRESH!!,15-Sep-20,10
,,,,,,,,talktoashish,Bah! Watch for Malay/Indonesian movie experience.,17-Aug-21,5
,,,,,,,,talkmahesh,What a boring movie,1-Jan-21,2
,,,,,,,,laywilliam,It is not as good as expected,8-Jun-16,6
Letters from Prague,-2016,97 min,"Drama, Musical, Romance",7.1,Angga Dwimas Sasongko,Angga Dwimas Sasongko,394,,,,
Letters from Prague,-2016,97 min,"Drama, Musical, Romance",7.1,Angga Dwimas Sasongko,Julie Estelle,394,,,,
Letters from Prague,-2016,97 min,"Drama, Musical, Romance",7.1,Angga Dwimas Sasongko,Tio Pakusadewo,394,,,,
Letters from Prague,-2016,97 min,"Drama, Musical, Romance",7.1,Angga Dwimas Sasongko,Rio Dewanto,394,,,,
Letters from Prague,-2016,97 min,"Drama, Musical, Romance",7.1,Angga Dwimas Sasongko,Widyawati,394,,,,
,,,,,,,,reinaldowilliam818,Succinct and heartwarming.,22-Oct-16,8
,,,,,,,,dindaidrd,Deep meaningful story,10-Feb-17,9
,,,,,,,,rifqi_klose,One of the best Indonesian film in decade,30-Oct-18,10
,,,,,,,,linearattack,Could be much better,3-Aug-20,5
27 Steps of May,-2018,112 min,Drama,7.9,Thoersi Argeswara,Thoersi Argeswara,586,,,,
27 Steps of May,-2018,112 min,Drama,7.9,Thoersi Argeswara,Ravi L. Bharwani,586,,,,
27 Steps of May,-2018,112 min,Drama,7.9,Thoersi Argeswara,Raihaanun,586,,,,
27 Steps of May,-2018,112 min,Drama,7.9,Thoersi Argeswara,Lukman Sardi,586,,,,
27 Steps of May,-2018,112 min,Drama,7.9,Thoersi Argeswara,Ario Bayu,586,,,,
27 Steps of May,-2018,112 min,Drama,7.9,Thoersi Argeswara,Verdi Solaiman,586,,,,
,,,,,,,,Karamakate,"A stunning Indonesian ""Alice in Wonderland""",1-Feb-19,9
,,,,,,,,sukmolelono,a first step towards understanding the trauma of sexual assault,7-May-19,7
,,,,,,,,ahdini140451,Brilliantly packed for emotionally charged film.,20-Sep-19,9
,,,,,,,,arinugroho-43560,MONUMENTAL,28-Apr-19,10
,,,,,,,,PutriNurjanna,Less dialogue deep meaning,8-May-19,8
,,,,,,,,bryantxzhan,Very Emotional and Dramatic Movie,30-Dec-20,10
,,,,,,,,Re1nard,Boring. Irrational. Too many loopholes.,10-Jul-22,2
A Million of Loves for You,-2020,97 min,"Drama, Family",7.5,Herwin Novianto,Herwin Novianto,236,,,,
A Million of Loves for You,-2020,97 min,"Drama, Family",7.5,Herwin Novianto,Deddy Mizwar,236,,,,
A Million of Loves for You,-2020,97 min,"Drama, Family",7.5,Herwin Novianto,Syifa Hadju,236,,,,
A Million of Loves for You,-2020,97 min,"Drama, Family",7.5,Herwin Novianto,Umay Shahab,236,,,,
A Million of Loves for You,-2020,97 min,"Drama, Family",7.5,Herwin Novianto,Edbert Destiny,236,,,,
,,,,,,,,Sir_AmirSyarif,Flawed but affecting and heart-warming,29-Oct-20,7
,,,,,,,,bayuvevo,I was crying all the time,17-Nov-20,10
,,,,,,,,suci_theblank,Very Good,23-Jun-21,10
Patience is the test,-2020,126 min,"Adventure, Comedy, Drama",7.4,Anggy Umbara,Anggy Umbara,430,,,,
Patience is the test,-2020,126 min,"Adventure, Comedy, Drama",7.4,Anggy Umbara,Vino G. Bastian,430,,,,
Patience is the test,-2020,126 min,"Adventure, Comedy, Drama",7.4,Anggy Umbara,Luna Maya,430,,,,
Patience is the test,-2020,126 min,"Adventure, Comedy, Drama",7.4,Anggy Umbara,Ananda Omesh,430,,,,
Patience is the test,-2020,126 min,"Adventure, Comedy, Drama",7.4,Anggy Umbara,Estelle Linden,430,,,,
,,,,,,,,diggul,Very touching,6-Sep-20,10
,,,,,,,,shafawatinadia,Very good movie,12-Sep-20,9
,,,,,,,,Nurfauzi-fikri9,Better than I expected,8-Sep-20,9
,,,,,,,,thenickmusa,Heartwarming Film,11-Sep-20,9
,,,,,,,,Ultraluna_,This movie is briliant!,7-Sep-20,9
,,,,,,,,herusyofuan,Inspiration,9-Sep-20,9
,,,,,,,,pasyalyana,Mood Booster Indonesian Movie 2020,15-Sep-20,10
,,,,,,,,retnokhastuti,Nice,15-Sep-20,9
,,,,,,,,babuntel,One of the great timeloop movie!,7-Sep-20,7
,,,,,,,,Sir_AmirSyarif,A time-loop comedy with unfulfilled potential,5-Sep-20,5
,,,,,,,,friskasesillia,Juarakkkkkkkkkkk,20-Sep-20,10
,,,,,,,,devianiastari,"Jujur sedikit membosankan (6.5) , namun bermakna",15-Oct-20,6
,,,,,,,,elikrisnawati,"This film make me cry, but laughüòÇ",15-Sep-20,9
,,,,,,,,nadia_khoi,Amazing,19-Sep-20,9
,,,,,,,,obinbisnis,Ditunggu episode 2 atau SERIES nya! Keren!,16-Sep-20,8
,,,,,,,,bukearpubu,AMAZING MOVIE,24-Sep-20,9
Possessive,-2017,102 min,"Comedy, Drama, Romance",7.3,Edwin,Edwin,"1,006",,,,
Possessive,-2017,102 min,"Comedy, Drama, Romance",7.3,Edwin,Putri Marino,"1,006",,,,
Possessive,-2017,102 min,"Comedy, Drama, Romance",7.3,Edwin,Adipati Dolken,"1,006",,,,
Possessive,-2017,102 min,"Comedy, Drama, Romance",7.3,Edwin,Gritte Agatha,"1,006",,,,
Possessive,-2017,102 min,"Comedy, Drama, Romance",7.3,Edwin,Chicco Kurniawan,"1,006",,,,
,,,,,,,,LDRmuffin,Quite impressive!,11-Nov-18,9
,,,,,,,,reinaldowilliam818,Roller Coaster of Emotion in an Abusive Relationship Themed Movie.,30-Oct-17,8
,,,,,,,,umbertod-73386,Surprise Me A Lot in a Good Way...,12-Nov-17,8
,,,,,,,,mayaagustini,Great Movie,30-Dec-20,8
,,,,,,,,PutriNurjanna,Simple but deep,13-Nov-18,9
,,,,,,,,lubbme_shamy,Exceeded my expectations,13-Feb-22,8
,,,,,,,,FinnTalks,Possesssheet,23-Mar-21,2
,,,,,,,,vhandoyo,Tackling important subject elegantly,7-Jun-20,10
Dead Time,-2007,102 min,"Crime, Fantasy, Horror",7,Joko Anwar,Joko Anwar,"1,100",,,,
Dead Time,-2007,102 min,"Crime, Fantasy, Horror",7,Joko Anwar,Donny Alamsyah,"1,100",,,,
Dead Time,-2007,102 min,"Crime, Fantasy, Horror",7,Joko Anwar,Fachry Albar,"1,100",,,,
Dead Time,-2007,102 min,"Crime, Fantasy, Horror",7,Joko Anwar,Ario Bayu,"1,100",,,,
Dead Time,-2007,102 min,"Crime, Fantasy, Horror",7,Joko Anwar,Fahrani,"1,100",,,,
,,,,,,,,frereloupe9,"Nevermind the Fellowship of the Ring, here comes The Deadtime Possee!!!",12-Sep-07,10
,,,,,,,,p-stepien,Brilliant if uneven: Dead is in!,17-Jul-09,8
,,,,,,,,anandserpi,A Breakthrough of Indonesian Movies!,26-Apr-07,9
,,,,,,,,savatose,Something new,9-Aug-07,7
,,,,,,,,faithfullmarx,"mixed of the killing, kill bill, and crouching tiger hidden dragon...",30-Apr-07,5
,,,,,,,,mondaymoviemania,Capital A.,17-Oct-07,1
The Garuda Kids,-2020,129 min,"Adventure, Biography, Comedy",8.5,Faozan Rizal,Faozan Rizal,55,,,,
The Garuda Kids,-2020,129 min,"Adventure, Biography, Comedy",8.5,Faozan Rizal,Verdi Solaiman,55,,,,
The Garuda Kids,-2020,129 min,"Adventure, Biography, Comedy",8.5,Faozan Rizal,Tissa Biani Azzahra,55,,,,
The Garuda Kids,-2020,129 min,"Adventure, Biography, Comedy",8.5,Faozan Rizal,Violla Georgie,55,,,,
The Garuda Kids,-2020,129 min,"Adventure, Biography, Comedy",8.5,Faozan Rizal,Ajil Ditto,55,,,,
The Garuda Kids,-2020,129 min,"Adventure, Biography, Comedy",8.5,Faozan Rizal,Clairine Clay,55,,,,
,,,,,,,,chandrandre,Very recommended film,18-Jan-20,10
Salawaku,-2016,82 min,Drama,7.7,Pritagita Arianegara,Pritagita Arianegara,82,,,,
Salawaku,-2016,82 min,Drama,7.7,Pritagita Arianegara,Elko Kastanya,82,,,,
Salawaku,-2016,82 min,Drama,7.7,Pritagita Arianegara,Karina Salim,82,,,,
Salawaku,-2016,82 min,Drama,7.7,Pritagita Arianegara,Joshua Matulessy,82,,,,
Salawaku,-2016,82 min,Drama,7.7,Pritagita Arianegara,Raihaanun,82,,,,
